Year,Municipality,Math_grade_rate_result,Other Parties,The Centre Party,The Christian Democratic Party,The Green Party,The Left Party,The Liberal Party,The Moderate Party,The Social Democratic Party,The Sweden Democrats,Average_income,Income_inequality,Median_income,Lower_education_count,Higher_education_count,Total_population,Lower_education_percentage,Higher_education_percentage,Higher_to_lower_education_ratio,Population,Previous_population,Population_growth_rate,Population_growth
2015,Avesta,86.9,7.000000000000001,7.000000000000001,2.0,2.0,5.0,2.0,12.0,51.0,10.0,8.9,348.1,326.2,1889.0,1862.0,22639.0,8.34,8.22,0.9857,22009.0,22639.0,-0.02782808427934096,-630.0
2015,Borlänge,82.9,3.0,8.0,3.0,5.0,7.000000000000001,3.0,15.0,36.0,20.0,9.6,337.1,315.1,4905.0,5390.0,51015.0,9.61,10.57,1.0989,50595.0,51015.0,-0.008232872684504558,-420.0
2015,Falun,89.8,3.0,11.0,2.0,7.000000000000001,8.0,7.000000000000001,21.0,33.0,8.0,9.4,369.5,327.8,6504.0,9509.0,57060.0,11.4,16.66,1.462,56906.0,57060.0,-0.0026989134244654748,-154.0
2015,Gagnef,94.4,20.0,20.0,3.0,6.0,3.0,3.0,11.0,26.0,9.0,8.5,352.9,323.8,896.0,1042.0,10060.0,8.91,10.36,1.1629,9986.0,10060.0,-0.007355864811133201,-74.0
2015,Hedemora,93.4,10.0,17.0,0.0,5.0,7.000000000000001,2.0,17.0,32.0,10.0,10.4,335.4,314.0,1314.0,1356.0,15199.0,8.65,8.92,1.032,15081.0,15199.0,-0.007763668662412001,-118.0
2015,Leksand,88.0,8.0,22.0,12.0,6.0,6.0,2.0,12.0,24.0,6.0,9.5,370.4,333.4,1656.0,1968.0,15299.0,10.82,12.86,1.1884,15239.0,15299.0,-0.003921824955879469,-60.0
2015,Ludvika,90.0,2.0,4.0,0.0,7.000000000000001,9.0,2.0,22.0,38.0,16.0,8.6,339.2,319.5,2191.0,2894.0,26322.0,8.32,10.99,1.3209,25950.0,26322.0,-0.014132664691132892,-372.0
2015,Malung-Sälen,91.5,5.0,10.0,0.0,0.0,10.0,8.0,23.0,38.0,5.0,9.9,353.8,326.1,780.0,782.0,9972.0,7.82,7.84,1.0026,9934.0,9972.0,-0.003810669875651825,-38.0
2015,Mora,83.7,10.0,27.0,2.0,5.0,5.0,2.0,12.0,28.999999999999996,7.000000000000001,8.9,354.1,324.7,1914.0,2275.0,20057.0,9.54,11.34,1.1886,20000.0,20057.0,-0.002841900583337488,-57.0
2015,Orsa,91.2,0.0,39.0,3.0,3.0,6.0,3.0,3.0,26.0,16.0,10.6,323.0,304.2,592.0,648.0,6746.0,8.78,9.61,1.0946,6816.0,6746.0,0.010376519418914912,70.0
2015,Rättvik,88.8,0.0,33.0,3.0,5.0,5.0,3.0,13.0,31.0,8.0,9.6,355.9,317.3,1054.0,1102.0,10777.0,9.78,10.23,1.0455,10739.0,10777.0,-0.0035260276514800038,-38.0
2015,Smedjebacken,93.1,0.0,14.000000000000002,0.0,9.0,6.0,3.0,17.0,43.0,9.0,8.6,346.5,326.5,854.0,890.0,10763.0,7.93,8.27,1.0422,10693.0,10763.0,-0.00650376289138716,-70.0
2015,Säter,87.5,0.0,17.0,3.0,3.0,6.0,6.0,14.000000000000002,40.0,11.0,7.8,363.7,328.3,995.0,1153.0,11009.0,9.04,10.47,1.1588,10865.0,11009.0,-0.013080207103279135,-144.0
2015,Vansbro,84.5,6.0,35.0,10.0,0.0,6.0,3.0,3.0,32.0,3.0,10.1,334.6,303.1,458.0,456.0,6704.0,6.83,6.8,0.9956,6695.0,6704.0,-0.0013424821002386634,-9.0
2015,Älvdalen,92.9,6.0,23.0,0.0,3.0,0.0,0.0,11.0,49.0,9.0,9.9,327.8,314.4,484.0,492.0,7048.0,6.87,6.98,1.0165,7067.0,7048.0,0.002695800227014756,19.0
2016,Avesta,88.2,7.000000000000001,7.000000000000001,2.0,2.0,5.0,2.0,12.0,51.0,10.0,8.6,341.3,323.7,1924.0,1956.0,23046.0,8.35,8.49,1.0166,22639.0,23046.0,-0.01766033151089126,-407.0
2016,Borlänge,84.8,3.0,8.0,3.0,5.0,7.000000000000001,3.0,15.0,36.0,20.0,8.9,339.8,315.9,4989.0,5542.0,51481.0,9.69,10.77,1.1108,51015.0,51481.0,-0.009051883219051688,-465.99999999999994
2016,Falun,91.8,3.0,11.0,2.0,7.000000000000001,8.0,7.000000000000001,21.0,33.0,8.0,9.1,370.4,326.6,6704.0,9789.0,57544.0,11.65,17.01,1.4602,57060.0,57544.0,-0.008410955095231475,-484.0
2016,Gagnef,96.2,20.0,20.0,3.0,6.0,3.0,3.0,11.0,26.0,9.0,7.2,362.2,328.8,928.0,1061.0,10142.0,9.15,10.46,1.1433,10060.0,10142.0,-0.008085190297771643,-82.0
2016,Hedemora,85.1,10.0,17.0,0.0,5.0,7.000000000000001,2.0,17.0,32.0,10.0,9.4,348.4,316.6,1348.0,1401.0,15388.0,8.76,9.1,1.0393,15199.0,15388.0,-0.012282297894463218,-189.0
2016,Leksand,92.5,8.0,22.0,12.0,6.0,6.0,2.0,12.0,24.0,6.0,9.1,380.4,338.8,1676.0,2032.0,15447.0,10.85,13.15,1.2124,15299.0,15447.0,-0.009581148443063379,-148.0
2016,Ludvika,92.2,2.0,4.0,0.0,7.000000000000001,9.0,2.0,22.0,38.0,16.0,8.2,343.0,319.3,2255.0,2935.0,26781.0,8.42,10.96,1.3016,26322.0,26781.0,-0.017139016466898173,-458.99999999999994
2016,Malung-Sälen,89.8,5.0,10.0,0.0,0.0,10.0,8.0,23.0,38.0,5.0,9.7,358.6,329.2,798.0,812.0,10024.0,7.96,8.1,1.0175,9972.0,10024.0,-0.0051875498802873106,-52.0
2016,Mora,80.1,10.0,27.0,2.0,5.0,5.0,2.0,12.0,28.999999999999996,7.000000000000001,8.1,358.8,329.6,1997.0,2346.0,20241.0,9.87,11.59,1.1748,20057.0,20241.0,-0.00909045995751198,-183.99999999999997
2016,Orsa,100.0,0.0,39.0,3.0,3.0,6.0,3.0,3.0,26.0,16.0,10.1,331.5,308.1,611.0,672.0,6831.0,8.94,9.84,1.0998,6746.0,6831.0,-0.01244327331283853,-85.0
2016,Rättvik,98.9,0.0,33.0,3.0,5.0,5.0,3.0,13.0,31.0,8.0,8.8,354.1,321.5,1073.0,1124.0,10830.0,9.91,10.38,1.0475,10777.0,10830.0,-0.004893813481071099,-53.0
2016,Smedjebacken,89.9,0.0,14.000000000000002,0.0,9.0,6.0,3.0,17.0,43.0,9.0,7.7,355.8,330.7,894.0,901.0,10867.0,8.23,8.29,1.0078,10763.0,10867.0,-0.009570258581025122,-104.0
2016,Säter,91.8,0.0,17.0,3.0,3.0,6.0,6.0,14.000000000000002,40.0,11.0,8.0,360.6,332.9,1022.0,1194.0,11081.0,9.22,10.78,1.1683,11009.0,11081.0,-0.006497608519086725,-72.0
2016,Vansbro,87.1,6.0,35.0,10.0,0.0,6.0,3.0,3.0,32.0,3.0,8.2,347.1,313.0,479.0,472.0,6801.0,7.04,6.94,0.9854,6704.0,6801.0,-0.014262608439935303,-97.0
2016,Älvdalen,93.1,6.0,23.0,0.0,3.0,0.0,0.0,11.0,49.0,9.0,8.5,336.5,320.7,501.0,515.0,7039.0,7.12,7.32,1.0279,7048.0,7039.0,0.0012785907089075152,9.0
2017,Avesta,80.4,7.000000000000001,7.000000000000001,2.0,2.0,5.0,2.0,12.0,51.0,10.0,8.6,344.2,323.3,1922.0,1979.0,23172.0,8.29,8.54,1.0297,23046.0,23172.0,-0.0054375970999482135,-126.0
2017,Borlänge,81.1,3.0,8.0,3.0,5.0,7.000000000000001,3.0,15.0,36.0,20.0,8.6,341.6,316.5,5100.0,5673.0,51883.0,9.83,10.93,1.1124,51481.0,51883.0,-0.007748202686814564,-402.0
2017,Falun,88.3,3.0,11.0,2.0,7.000000000000001,8.0,7.000000000000001,21.0,33.0,8.0,8.7,374.2,329.8,6819.0,10086.0,58248.0,11.71,17.32,1.4791,57544.0,58248.0,-0.012086251888476857,-704.0
2017,Gagnef,90.7,20.0,20.0,3.0,6.0,3.0,3.0,11.0,26.0,9.0,7.6,361.9,328.5,934.0,1072.0,10253.0,9.11,10.46,1.1478,10142.0,10253.0,-0.010826099678142983,-111.0
2017,Hedemora,85.6,10.0,17.0,0.0,5.0,7.000000000000001,2.0,17.0,32.0,10.0,9.0,342.8,319.3,1369.0,1423.0,15526.0,8.82,9.17,1.0394,15388.0,15526.0,-0.008888316372536391,-138.0
2017,Leksand,88.2,8.0,22.0,12.0,6.0,6.0,2.0,12.0,24.0,6.0,8.6,375.9,336.1,1706.0,2096.0,15591.0,10.94,13.44,1.2286,15447.0,15591.0,-0.009236097748701174,-144.0
2017,Ludvika,83.5,2.0,4.0,0.0,7.000000000000001,9.0,2.0,22.0,38.0,16.0,7.7,346.6,320.7,2279.0,2982.0,26964.0,8.45,11.06,1.3085,26781.0,26964.0,-0.006786826880284824,-183.0
2017,Malung-Sälen,92.8,5.0,10.0,0.0,0.0,10.0,8.0,23.0,38.0,5.0,9.2,368.7,329.6,828.0,840.0,10091.0,8.21,8.32,1.0145,10024.0,10091.0,-0.006639579823605192,-67.0
2017,Mora,78.2,10.0,27.0,2.0,5.0,5.0,2.0,12.0,28.999999999999996,7.000000000000001,7.6,362.4,330.3,1992.0,2377.0,20351.0,9.79,11.68,1.1933,20241.0,20351.0,-0.005405139796570193,-110.0
2017,Orsa,91.0,0.0,39.0,3.0,3.0,6.0,3.0,3.0,26.0,16.0,10.4,331.2,307.5,630.0,694.0,6879.0,9.16,10.09,1.1016,6831.0,6879.0,-0.006977758395115569,-48.0
2017,Rättvik,98.1,0.0,33.0,3.0,5.0,5.0,3.0,13.0,31.0,8.0,8.4,361.4,324.5,1078.0,1127.0,10814.0,9.97,10.42,1.0455,10830.0,10814.0,0.001479563528759016,16.0
2017,Smedjebacken,85.7,0.0,14.000000000000002,0.0,9.0,6.0,3.0,17.0,43.0,9.0,6.9,358.9,337.1,887.0,954.0,10869.0,8.16,8.78,1.0755,10867.0,10869.0,-0.00018400956849756188,-2.0
2017,Säter,87.5,0.0,17.0,3.0,3.0,6.0,6.0,14.000000000000002,40.0,11.0,8.3,368.1,336.8,1048.0,1226.0,11176.0,9.38,10.97,1.1698,11081.0,11176.0,-0.008500357909806728,-95.0
2017,Vansbro,79.4,6.0,35.0,10.0,0.0,6.0,3.0,3.0,32.0,3.0,7.3,336.8,306.0,488.0,487.0,6810.0,7.17,7.15,0.998,6801.0,6810.0,-0.0013215859030837004,-9.0
2017,Älvdalen,92.4,6.0,23.0,0.0,3.0,0.0,0.0,11.0,49.0,9.0,9.5,334.5,317.4,512.0,513.0,7070.0,7.24,7.26,1.002,7039.0,7070.0,-0.004384724186704385,-31.000000000000004
2018,Avesta,71.1,0.0,7.000000000000001,2.0,0.0,5.0,2.0,22.0,46.0,15.0,8.0,346.4,324.1,1907.0,2028.0,23348.0,8.17,8.69,1.0635,23172.0,23348.0,-0.007538118896693507,-176.0
2018,Borlänge,82.2,2.0,8.0,5.0,3.0,8.0,5.0,20.0,33.0,16.0,8.0,340.6,318.9,5120.0,5820.0,52153.0,9.82,11.16,1.1367,51883.0,52153.0,-0.005177075144287001,-270.0
2018,Falun,89.2,2.0,16.0,5.0,5.0,11.0,3.0,20.0,28.000000000000004,10.0,8.1,370.6,330.9,6915.0,10400.0,58888.0,11.74,17.66,1.504,58248.0,58888.0,-0.010868088574921886,-640.0
2018,Gagnef,88.3,14.000000000000002,26.0,11.0,3.0,3.0,3.0,11.0,23.0,6.0,6.9,358.9,329.2,932.0,1114.0,10251.0,9.09,10.87,1.1953,10253.0,10251.0,0.000195102916788606,2.0
2018,Hedemora,87.0,12.0,15.0,2.0,2.0,5.0,2.0,17.0,28.999999999999996,15.0,9.0,342.2,317.1,1360.0,1467.0,15435.0,8.81,9.5,1.0787,15526.0,15435.0,0.0058956916099773245,91.0
2018,Leksand,82.6,6.0,31.0,8.0,0.0,8.0,2.0,16.0,20.0,8.0,8.5,377.9,338.3,1763.0,2167.0,15773.0,11.18,13.74,1.2292,15591.0,15773.0,-0.011538705382615862,-182.0
2018,Ludvika,85.8,2.0,9.0,2.0,4.0,9.0,2.0,22.0,33.0,16.0,7.9,337.1,320.0,2298.0,3002.0,26976.0,8.52,11.13,1.3064,26964.0,26976.0,-0.00044483985765124553,-12.0
2018,Malung-Sälen,90.3,3.0,8.0,0.0,0.0,5.0,5.0,21.0,41.0,18.0,8.6,363.3,334.4,818.0,847.0,10111.0,8.09,8.38,1.0355,10091.0,10111.0,-0.001978043714766096,-20.0
2018,Mora,83.7,15.0,28.999999999999996,5.0,2.0,5.0,0.0,10.0,24.0,10.0,6.8,358.4,331.6,2004.0,2435.0,20358.0,9.84,11.96,1.2151,20351.0,20358.0,-0.00034384517143137833,-7.0
2018,Orsa,75.9,0.0,42.0,6.0,3.0,6.0,0.0,6.0,26.0,10.0,9.8,334.7,311.5,618.0,718.0,6897.0,8.96,10.41,1.1618,6879.0,6897.0,-0.0026098303610265334,-18.0
2018,Rättvik,90.4,0.0,33.0,5.0,0.0,5.0,0.0,15.0,26.0,15.0,8.5,356.5,329.6,1095.0,1150.0,10897.0,10.05,10.55,1.0502,10814.0,10897.0,-0.007616775259245664,-83.0
2018,Smedjebacken,96.7,0.0,11.0,0.0,3.0,6.0,3.0,14.000000000000002,49.0,14.000000000000002,6.8,356.5,339.0,891.0,968.0,10881.0,8.19,8.9,1.0864,10869.0,10881.0,-0.0011028398125172319,-12.0
2018,Säter,91.9,0.0,23.0,3.0,3.0,6.0,3.0,20.0,31.0,11.0,7.3,363.0,332.9,1043.0,1252.0,11143.0,9.36,11.24,1.2004,11176.0,11143.0,0.0029615004935834156,33.0
2018,Vansbro,76.3,16.0,26.0,13.0,0.0,6.0,0.0,10.0,26.0,3.0,8.2,342.0,311.5,499.0,494.0,6789.0,7.35,7.28,0.99,6810.0,6789.0,0.0030932390631904553,21.0
2018,Älvdalen,88.5,9.0,31.0,0.0,0.0,3.0,3.0,9.0,31.0,14.000000000000002,8.8,343.0,319.4,514.0,546.0,7114.0,7.23,7.68,1.0623,7070.0,7114.0,-0.006184987348889514,-44.0
2019,Avesta,79.3,0.0,7.000000000000001,2.0,0.0,5.0,2.0,22.0,46.0,15.0,7.4,348.5,326.1,1905.0,2061.0,23185.0,8.22,8.89,1.0819,23348.0,23185.0,0.007030407591114945,163.0
2019,Borlänge,75.4,2.0,8.0,5.0,3.0,8.0,5.0,20.0,33.0,16.0,7.7,343.0,318.7,5173.0,5978.0,52505.0,9.85,11.39,1.1556,52153.0,52505.0,-0.006704123416817446,-352.0
2019,Falun,89.2,2.0,16.0,5.0,5.0,11.0,3.0,20.0,28.000000000000004,10.0,7.6,369.3,333.4,6879.0,10752.0,59382.0,11.58,18.11,1.563,58888.0,59382.0,-0.008319019231416928,-494.0
2019,Gagnef,92.1,14.000000000000002,26.0,11.0,3.0,3.0,3.0,11.0,23.0,6.0,6.4,354.8,331.1,939.0,1161.0,10311.0,9.11,11.26,1.2364,10251.0,10311.0,-0.005819028222286878,-59.99999999999999
2019,Hedemora,81.3,12.0,15.0,2.0,2.0,5.0,2.0,17.0,28.999999999999996,15.0,8.7,339.5,316.9,1372.0,1502.0,15469.0,8.87,9.71,1.0948,15435.0,15469.0,-0.00219794427564807,-34.0
2019,Leksand,80.6,6.0,31.0,8.0,0.0,8.0,2.0,16.0,20.0,8.0,7.6,424.5,338.2,1749.0,2240.0,15818.0,11.06,14.16,1.2807,15773.0,15818.0,-0.002844860285750411,-45.0
2019,Ludvika,92.1,2.0,9.0,2.0,4.0,9.0,2.0,22.0,33.0,16.0,7.4,343.9,320.0,2291.0,3035.0,26921.0,8.51,11.27,1.3247,26976.0,26921.0,0.0020430147468519,55.0
2019,Malung-Sälen,90.8,3.0,8.0,0.0,0.0,5.0,5.0,21.0,41.0,18.0,8.0,374.9,335.3,829.0,872.0,10087.0,8.22,8.64,1.0519,10111.0,10087.0,0.0023793000892237534,24.0
2019,Mora,81.5,15.0,28.999999999999996,5.0,2.0,5.0,0.0,10.0,24.0,10.0,6.7,366.0,335.9,2003.0,2547.0,20414.0,9.81,12.48,1.2716,20358.0,20414.0,-0.00274321544038405,-56.0
2019,Orsa,85.7,0.0,42.0,6.0,3.0,6.0,0.0,6.0,26.0,10.0,8.9,341.8,312.3,631.0,706.0,6920.0,9.12,10.2,1.1189,6897.0,6920.0,-0.003323699421965318,-23.0
2019,Rättvik,90.4,0.0,33.0,5.0,0.0,5.0,0.0,15.0,26.0,15.0,7.3,361.6,335.0,1115.0,1172.0,10964.0,10.17,10.69,1.0511,10897.0,10964.0,-0.006110908427581174,-67.0
2019,Smedjebacken,90.7,0.0,11.0,0.0,3.0,6.0,3.0,14.000000000000002,49.0,14.000000000000002,6.2,361.7,337.3,897.0,987.0,10886.0,8.24,9.07,1.1003,10881.0,10886.0,-0.0004593055300385817,-5.0
2019,Säter,90.9,0.0,23.0,3.0,3.0,6.0,3.0,20.0,31.0,11.0,6.8,364.6,335.2,1075.0,1280.0,11112.0,9.67,11.52,1.1907,11143.0,11112.0,0.0027897768178545717,31.0
2019,Vansbro,75.0,16.0,26.0,13.0,0.0,6.0,0.0,10.0,26.0,3.0,7.3,341.1,314.8,520.0,519.0,6792.0,7.66,7.64,0.9981,6789.0,6792.0,-0.00044169611307420494,-3.0
2019,Älvdalen,95.3,9.0,31.0,0.0,0.0,3.0,3.0,9.0,31.0,14.000000000000002,7.9,337.9,321.9,505.0,557.0,7029.0,7.18,7.92,1.103,7114.0,7029.0,0.012092758571631812,85.0
2020,Avesta,81.5,0.0,7.000000000000001,2.0,0.0,5.0,2.0,22.0,46.0,15.0,7.2,351.7,328.7,1930.0,2090.0,23100.0,8.35,9.05,1.0829,23185.0,23100.0,0.00367965367965368,85.0
2020,Borlänge,84.1,2.0,8.0,5.0,3.0,8.0,5.0,20.0,33.0,16.0,8.0,339.5,318.7,5187.0,6190.0,52439.0,9.89,11.8,1.1934,52505.0,52439.0,0.001258605236560575,66.0
2020,Falun,90.8,2.0,16.0,5.0,5.0,11.0,3.0,20.0,28.000000000000004,10.0,7.2,373.6,336.5,6825.0,11095.0,59537.0,11.46,18.64,1.6256,59382.0,59537.0,-0.002603423081445152,-155.0
2020,Gagnef,87.0,14.000000000000002,26.0,11.0,3.0,3.0,3.0,11.0,23.0,6.0,6.8,368.3,333.8,958.0,1192.0,10376.0,9.23,11.49,1.2443,10311.0,10376.0,-0.0062644564379336935,-65.0
2020,Hedemora,88.5,12.0,15.0,2.0,2.0,5.0,2.0,17.0,28.999999999999996,15.0,8.5,351.1,319.7,1386.0,1529.0,15423.0,8.99,9.91,1.1032,15469.0,15423.0,0.0029825585165013293,46.0
2020,Leksand,91.4,6.0,31.0,8.0,0.0,8.0,2.0,16.0,20.0,8.0,8.0,376.1,341.4,1769.0,2300.0,15782.0,11.21,14.57,1.3002,15818.0,15782.0,0.0022810797110632366,36.0
2020,Ludvika,89.0,2.0,9.0,2.0,4.0,9.0,2.0,22.0,33.0,16.0,7.7,341.0,321.9,2295.0,3107.0,26666.0,8.61,11.65,1.3538,26921.0,26666.0,0.009562739068476711,254.99999999999997
2020,Malung-Sälen,88.4,3.0,8.0,0.0,0.0,5.0,5.0,21.0,41.0,18.0,7.7,367.3,339.1,848.0,906.0,10112.0,8.39,8.96,1.0684,10087.0,10112.0,-0.0024723101265822786,-25.0
2020,Mora,86.4,15.0,28.999999999999996,5.0,2.0,5.0,0.0,10.0,24.0,10.0,7.3,371.2,333.6,2050.0,2632.0,20490.0,10.0,12.85,1.2839,20414.0,20490.0,-0.003709126403123475,-76.0
2020,Orsa,88.3,0.0,42.0,6.0,3.0,6.0,0.0,6.0,26.0,10.0,9.7,340.3,312.3,623.0,733.0,6898.0,9.03,10.63,1.1766,6920.0,6898.0,0.0031893302406494637,22.0
2020,Rättvik,98.4,0.0,33.0,5.0,0.0,5.0,0.0,15.0,26.0,15.0,7.6,370.7,336.7,1143.0,1224.0,11028.0,10.36,11.1,1.0709,10964.0,11028.0,-0.005803409503083061,-64.0
2020,Smedjebacken,92.7,0.0,11.0,0.0,3.0,6.0,3.0,14.000000000000002,49.0,14.000000000000002,6.6,356.2,338.1,905.0,1027.0,10842.0,8.35,9.47,1.1348,10886.0,10842.0,0.0040582918280760005,44.0
2020,Säter,93.9,0.0,23.0,3.0,3.0,6.0,3.0,20.0,31.0,11.0,6.7,362.1,339.7,1092.0,1304.0,11147.0,9.8,11.7,1.1941,11112.0,11147.0,-0.003139858257827218,-35.0
2020,Vansbro,93.1,16.0,26.0,13.0,0.0,6.0,0.0,10.0,26.0,3.0,7.7,344.3,320.8,520.0,539.0,6807.0,7.64,7.92,1.0365,6792.0,6807.0,-0.0022036139268400176,-15.0
2020,Älvdalen,95.2,9.0,31.0,0.0,0.0,3.0,3.0,9.0,31.0,14.000000000000002,7.8,347.6,327.2,519.0,573.0,7034.0,7.38,8.15,1.104,7029.0,7034.0,-0.0007108330963889679,-5.0
2021,Avesta,74.3,0.0,7.000000000000001,2.0,0.0,5.0,2.0,22.0,46.0,15.0,7.4,356.6,333.1,1966.0,2128.0,22929.0,8.57,9.28,1.0824,23100.0,22929.0,0.007457804527018186,171.0
2021,Borlänge,86.4,2.0,8.0,5.0,3.0,8.0,5.0,20.0,33.0,16.0,7.4,354.9,325.3,5213.0,6314.0,52260.0,9.98,12.08,1.2112,52439.0,52260.0,0.003425181783390739,179.0
2021,Falun,90.6,2.0,16.0,5.0,5.0,11.0,3.0,20.0,28.000000000000004,10.0,6.8,390.8,346.0,6939.0,11451.0,59788.0,11.61,19.15,1.6502,59537.0,59788.0,-0.00419816685622533,-251.00000000000003
2021,Gagnef,96.4,14.000000000000002,26.0,11.0,3.0,3.0,3.0,11.0,23.0,6.0,6.7,381.0,346.6,1019.0,1231.0,10497.0,9.71,11.73,1.208,10376.0,10497.0,-0.011527102981804324,-121.0
2021,Hedemora,83.5,12.0,15.0,2.0,2.0,5.0,2.0,17.0,28.999999999999996,15.0,8.1,369.7,327.2,1425.0,1546.0,15446.0,9.23,10.01,1.0849,15423.0,15446.0,-0.0014890586559627088,-23.0
2021,Leksand,89.0,6.0,31.0,8.0,0.0,8.0,2.0,16.0,20.0,8.0,7.4,417.5,353.4,1813.0,2422.0,16014.0,11.32,15.12,1.3359,15782.0,16014.0,-0.014487323591857126,-232.0
2021,Ludvika,87.1,2.0,9.0,2.0,4.0,9.0,2.0,22.0,33.0,16.0,7.1,350.8,326.2,2318.0,3219.0,26498.0,8.75,12.15,1.3887,26666.0,26498.0,0.006340101139708657,168.0
2021,Malung-Sälen,90.0,3.0,8.0,0.0,0.0,5.0,5.0,21.0,41.0,18.0,7.1,399.3,352.9,878.0,938.0,10159.0,8.64,9.23,1.0683,10112.0,10159.0,-0.0046264396101978545,-47.00000000000001
2021,Mora,87.9,15.0,28.999999999999996,5.0,2.0,5.0,0.0,10.0,24.0,10.0,6.6,380.2,340.5,2110.0,2725.0,20603.0,10.24,13.23,1.2915,20490.0,20603.0,-0.005484638159491336,-113.0
2021,Orsa,79.4,0.0,42.0,6.0,3.0,6.0,0.0,6.0,26.0,10.0,8.7,351.6,318.1,633.0,761.0,6926.0,9.14,10.99,1.2022,6898.0,6926.0,-0.0040427375108287615,-28.000000000000004
2021,Rättvik,88.7,0.0,33.0,5.0,0.0,5.0,0.0,15.0,26.0,15.0,7.7,385.6,342.0,1153.0,1279.0,11089.0,10.4,11.53,1.1093,11028.0,11089.0,-0.005500946884299756,-61.0
2021,Smedjebacken,92.2,0.0,11.0,0.0,3.0,6.0,3.0,14.000000000000002,49.0,14.000000000000002,6.4,372.0,347.1,949.0,1067.0,10935.0,8.68,9.76,1.1243,10842.0,10935.0,-0.00850480109739369,-93.0
2021,Säter,88.0,0.0,23.0,3.0,3.0,6.0,3.0,20.0,31.0,11.0,6.3,389.5,347.3,1127.0,1354.0,11227.0,10.04,12.06,1.2014,11147.0,11227.0,-0.0071256791662955375,-80.0
2021,Vansbro,85.7,16.0,26.0,13.0,0.0,6.0,0.0,10.0,26.0,3.0,6.9,360.7,328.5,517.0,542.0,6764.0,7.64,8.01,1.0484,6807.0,6764.0,0.0063571850975754,43.0
2021,Älvdalen,87.0,9.0,31.0,0.0,0.0,3.0,3.0,9.0,31.0,14.000000000000002,8.3,353.9,328.0,542.0,585.0,7029.0,7.71,8.32,1.0793,7034.0,7029.0,0.0007113387395077536,5.0
2022,Avesta,87.3,0.0,7.000000000000001,5.0,0.0,5.0,0.0,22.0,44.0,17.0,6.7,350.5,323.3,2021.0,2196.0,22926.0,8.82,9.58,1.0866,22929.0,22926.0,0.00013085579691180318,2.9999999999999996
2022,Borlänge,83.7,0.0,8.0,7.000000000000001,3.0,7.000000000000001,5.0,18.0,34.0,18.0,7.3,342.2,314.0,5365.0,6468.0,52208.0,10.28,12.39,1.2056,52260.0,52208.0,0.00099601593625498,52.0
2022,Falun,92.2,0.0,11.0,7.000000000000001,5.0,8.0,5.0,20.0,33.0,11.0,6.0,379.2,333.6,7056.0,11713.0,59855.0,11.79,19.57,1.66,59788.0,59855.0,-0.0011193718152201152,-67.0
2022,Gagnef,91.0,9.0,20.0,17.0,3.0,6.0,3.0,11.0,20.0,11.0,6.4,360.1,331.9,1062.0,1270.0,10487.0,10.13,12.11,1.1959,10497.0,10487.0,0.0009535615523982073,10.0
2022,Hedemora,89.1,11.0,11.0,3.0,3.0,6.0,0.0,23.0,26.0,17.0,7.2,342.8,313.6,1466.0,1591.0,15441.0,9.49,10.3,1.0853,15446.0,15441.0,0.0003238132245320899,5.0
2022,Leksand,84.3,20.0,12.0,7.000000000000001,2.0,12.0,2.0,15.0,20.0,10.0,6.5,389.2,340.8,1848.0,2521.0,16119.0,11.46,15.64,1.3642,16014.0,16119.0,-0.0065140517401823935,-105.0
2022,Ludvika,84.5,2.0,9.0,4.0,4.0,9.0,2.0,22.0,31.0,16.0,6.6,338.7,313.7,2392.0,3293.0,26343.0,9.08,12.5,1.3767,26498.0,26343.0,0.005883916030824127,155.0
2022,Malung-Sälen,93.3,10.0,5.0,0.0,0.0,5.0,3.0,26.0,36.0,15.0,6.9,389.2,339.2,914.0,964.0,10215.0,8.95,9.44,1.0547,10159.0,10215.0,-0.00548213411649535,-56.0
2022,Mora,85.1,20.0,22.0,5.0,0.0,5.0,0.0,12.0,24.0,12.0,6.3,369.8,326.4,2137.0,2773.0,20669.0,10.34,13.42,1.2976,20603.0,20669.0,-0.0031931878658861094,-66.0
2022,Orsa,92.6,0.0,35.0,6.0,3.0,6.0,0.0,10.0,23.0,16.0,7.5,335.8,308.1,660.0,772.0,6926.0,9.53,11.15,1.1697,6926.0,6926.0,0.0,0.0
2022,Rättvik,90.1,0.0,26.0,8.0,0.0,3.0,0.0,18.0,28.000000000000004,18.0,6.8,358.1,330.3,1170.0,1317.0,11138.0,10.5,11.82,1.1256,11089.0,11138.0,-0.004399353564374214,-48.99999999999999
2022,Smedjebacken,92.9,0.0,6.0,0.0,3.0,3.0,0.0,14.000000000000002,56.99999999999999,17.0,5.8,357.1,332.6,970.0,1103.0,10953.0,8.86,10.07,1.1371,10935.0,10953.0,-0.0016433853738701725,-18.0
2022,Säter,85.1,0.0,14.000000000000002,6.0,3.0,6.0,3.0,20.0,34.0,14.000000000000002,6.0,359.5,333.0,1143.0,1395.0,11263.0,10.15,12.39,1.2205,11227.0,11263.0,-0.003196306490277901,-36.0
2022,Vansbro,72.0,0.0,19.0,19.0,0.0,6.0,0.0,19.0,26.0,10.0,6.7,371.6,313.0,531.0,571.0,6788.0,7.82,8.41,1.0753,6764.0,6788.0,-0.0035356511490866236,-24.0
2022,Älvdalen,82.7,6.0,28.999999999999996,0.0,0.0,3.0,0.0,11.0,28.999999999999996,23.0,7.4,344.8,321.2,554.0,598.0,7012.0,7.9,8.53,1.0794,7029.0,7012.0,0.0024244152880775814,17.0
2023,Avesta,81.9,0.0,7.000000000000001,5.0,0.0,5.0,0.0,22.0,44.0,17.0,7.8,339.0,314.4,2032.0,2216.0,22813.0,8.91,9.71,1.0906,22926.0,22813.0,0.0049533160917021,113.00000000000001
2023,Borlänge,85.0,0.0,8.0,7.000000000000001,3.0,7.000000000000001,5.0,18.0,34.0,18.0,7.9,334.0,306.5,5432.0,6572.0,51774.0,10.49,12.69,1.2099,52208.0,51774.0,0.008382585853903503,434.0
2023,Falun,90.2,0.0,11.0,7.000000000000001,5.0,8.0,5.0,20.0,33.0,11.0,6.9,362.5,326.9,7014.0,11968.0,59968.0,11.7,19.96,1.7063,59855.0,59968.0,-0.0018843383137673426,-113.0
2023,Gagnef,91.5,9.0,20.0,17.0,3.0,6.0,3.0,11.0,20.0,11.0,7.0,355.2,322.9,1054.0,1284.0,10438.0,10.1,12.3,1.2182,10487.0,10438.0,0.004694385897681549,49.00000000000001
2023,Hedemora,82.6,11.0,11.0,3.0,3.0,6.0,0.0,23.0,26.0,17.0,8.5,335.4,308.7,1487.0,1608.0,15336.0,9.7,10.49,1.0814,15441.0,15336.0,0.006846635367762128,105.0
2023,Leksand,87.2,20.0,12.0,7.000000000000001,2.0,12.0,2.0,15.0,20.0,10.0,7.8,373.9,333.8,1887.0,2538.0,16081.0,11.73,15.78,1.345,16119.0,16081.0,0.0023630371245569304,38.0
2023,Ludvika,85.5,2.0,9.0,4.0,4.0,9.0,2.0,22.0,31.0,16.0,7.3,338.0,311.9,2407.0,3447.0,26414.0,9.11,13.05,1.4321,26343.0,26414.0,-0.002687968501552207,-71.0
2023,Malung-Sälen,84.9,10.0,5.0,0.0,0.0,5.0,3.0,26.0,36.0,15.0,7.4,372.9,331.2,915.0,987.0,10196.0,8.97,9.68,1.0787,10215.0,10196.0,0.00186347587289133,19.0
2023,Mora,88.3,20.0,22.0,5.0,0.0,5.0,0.0,12.0,24.0,12.0,7.3,359.7,326.6,2137.0,2837.0,20560.0,10.39,13.8,1.3276,20669.0,20560.0,0.005301556420233463,109.0
2023,Orsa,84.6,0.0,35.0,6.0,3.0,6.0,0.0,10.0,23.0,16.0,8.7,327.8,307.5,662.0,793.0,6920.0,9.57,11.46,1.1979,6926.0,6920.0,0.0008670520231213873,6.0
2023,Rättvik,88.6,0.0,26.0,8.0,0.0,3.0,0.0,18.0,28.000000000000004,18.0,8.2,347.3,320.2,1197.0,1337.0,11082.0,10.8,12.06,1.117,11138.0,11082.0,0.005053239487457137,55.99999999999999
2023,Smedjebacken,92.2,0.0,6.0,0.0,3.0,3.0,0.0,14.000000000000002,56.99999999999999,17.0,6.9,356.3,329.0,996.0,1130.0,10956.0,9.09,10.31,1.1345,10953.0,10956.0,-0.0002738225629791895,-3.0
2023,Säter,82.8,0.0,14.000000000000002,6.0,3.0,6.0,3.0,20.0,34.0,14.000000000000002,7.0,349.5,325.9,1146.0,1438.0,11256.0,10.18,12.78,1.2548,11263.0,11256.0,0.0006218905472636816,7.0
2023,Vansbro,73.2,0.0,19.0,19.0,0.0,6.0,0.0,19.0,26.0,10.0,7.1,336.2,306.9,534.0,578.0,6734.0,7.93,8.58,1.0824,6788.0,6734.0,0.008019008019008018,53.99999999999999
2023,Älvdalen,87.8,6.0,28.999999999999996,0.0,0.0,3.0,0.0,11.0,28.999999999999996,23.0,7.8,340.5,318.5,550.0,610.0,6923.0,7.94,8.81,1.1091,7012.0,6923.0,0.012855698396648851,89.0
2024,Avesta,88.2,0.0,7.000000000000001,5.0,0.0,5.0,0.0,22.0,44.0,17.0,,,,,,,,,,,,,
2024,Borlänge,79.2,0.0,8.0,7.000000000000001,3.0,7.000000000000001,5.0,18.0,34.0,18.0,,,,,,,,,,,,,
2024,Falun,89.3,0.0,11.0,7.000000000000001,5.0,8.0,5.0,20.0,33.0,11.0,,,,,,,,,,,,,
2024,Gagnef,90.6,9.0,20.0,17.0,3.0,6.0,3.0,11.0,20.0,11.0,,,,,,,,,,,,,
2024,Hedemora,81.4,11.0,11.0,3.0,3.0,6.0,0.0,23.0,26.0,17.0,,,,,,,,,,,,,
2024,Leksand,83.9,20.0,12.0,7.000000000000001,2.0,12.0,2.0,15.0,20.0,10.0,,,,,,,,,,,,,
2024,Ludvika,89.8,2.0,9.0,4.0,4.0,9.0,2.0,22.0,31.0,16.0,,,,,,,,,,,,,
2024,Malung-Sälen,92.5,10.0,5.0,0.0,0.0,5.0,3.0,26.0,36.0,15.0,,,,,,,,,,,,,
2024,Mora,82.2,20.0,22.0,5.0,0.0,5.0,0.0,12.0,24.0,12.0,,,,,,,,,,,,,
2024,Orsa,68.4,0.0,35.0,6.0,3.0,6.0,0.0,10.0,23.0,16.0,,,,,,,,,,,,,
2024,Rättvik,89.7,0.0,26.0,8.0,0.0,3.0,0.0,18.0,28.000000000000004,18.0,,,,,,,,,,,,,
2024,Smedjebacken,85.0,0.0,6.0,0.0,3.0,3.0,0.0,14.000000000000002,56.99999999999999,17.0,,,,,,,,,,,,,
2024,Säter,80.5,0.0,14.000000000000002,6.0,3.0,6.0,3.0,20.0,34.0,14.000000000000002,,,,,,,,,,,,,
2024,Vansbro,89.2,0.0,19.0,19.0,0.0,6.0,0.0,19.0,26.0,10.0,,,,,,,,,,,,,
2024,Älvdalen,90.0,6.0,28.999999999999996,0.0,0.0,3.0,0.0,11.0,28.999999999999996,23.0,,,,,,,,,,,,,
